<?xml version="1.0" encoding="UTF-8" standalone="yes"?>
<addon id="repository.ShallowMouse" name="ShallowMouse Repo" version="0.1" provider-name="ShallowMouse">
	<requires>
		<import addon="xbmc.addon" version="12.0.0"/>
	</requires>
	<extension point="xbmc.addon.repository" name="ShallowMouse Repo">
		<dir minversion="18.2.0">
			<info compressed="true">https://github.com/ShallowMouse/repository.ShallowMouse/raw/master/addons.xml</info>
			<checksum>https://github.com/ShallowMouse/repository.ShallowMouse/raw/master/addons.xml.md5</checksum>
			<datadir zip="true">https://github.com/ShallowMouse/repository.ShallowMouse/raw/master/</datadir>
		</dir>	
	</extension>
	<extension point="xbmc.addon.metadata">
		<summary>ShallowMouse Kodi repository.</summary>
		<description></description>
		<disclaimer></disclaimer>
		<platform>all</platform>
		<assets>
			<icon>resources/icon.png</icon>
			<fanart>resources/fanart.jpg</fanart>
		</assets>
	</extension>
</addon>
