<addon id="skin.dight" name="Dight" provider-name="ShallowMouse" version="BETA">
    <requires>
        <import addon="xbmc.gui" version="5.14.0" />
        <import addon="script.skinshortcuts" version="0.4.0" />
		<import addon="service.library.data.provider" version="0.1.0"/>
		<import addon="script.skin.helper.service" version="0.0.1"/>
        <import addon="script.image.resource.select" version="0.0.5" />
        <import addon="plugin.program.autocompletion" version="1.0.1" />
        <import addon="resource.images.studios.white" version="0.0.10" />
        <import addon="resource.images.moviegenreicons.transparent" version="0.0.6" />
		<import addon="script.toolbox" version="1.0.0"/>
        <import addon="resource.images.weathericons.outline-hd" version="0.0.1" />
        <import addon="resource.images.weathericons.flat" version="0.0.1" />
		<import addon="script.module.addon.signals" version="0.0.1"/>
        <import addon="resource.images.moviecountryicons.maps" version="0.0.1" />
		<import addon="script.skin.helper.colorpicker" version="1.0.11"/>
    </requires>
    <extension
	debugging="false" 
	defaultthemename="Textures.xbt"
	effectslowdown="1"
	point="xbmc.gui.skin">
    <res aspect="16:9" default="true" folder="1080i" height="1080" width="1920" />
    </extension>
    <extension point="xbmc.addon.metadata">
        <summary lang="en">Clean, minimal, elegant, simple, light.</summary>
        <summary lang="en_AU">Clean, minimal, elegant, simple, light.</summary>
        <summary lang="en_US">Clean, minimal, elegant, simple, light.</summary>
        <description lang="en">This skin is a modification of Arctic Zephyr 2, created by jurialmunkey.</description>
        <platform>all</platform>
        <license>Creative Commons Attribution Non-Commercial Share-Alike 4.0</license>
        <forum />
        <source>https://github.com/jurialmunkey/skin.arctic.zephyr</source>
        <assets>
            <icon>icon.png</icon>
            <fanart>fanart.jpg</fanart>
            <screenshot>resources/screenshot-01.jpgx</screenshot>

        </assets>
    </extension>
</addon>
